country,1960,1961,1962,1963,1964,1965,1966,1967,1968,1969,1970,1971,1972,1973,1974,1975,1976,1977,1978,1979,1980,1981,1982,1983,1984,1985,1986,1987,1988,1989,1990,1991,1992,1993,1994,1995,1996,1997,1998,1999,2000,2001,2002,2003,2004,2005,2006,2007,2008,2009,2010,2011,2012,2013,2014,2015,2016,2017,2018,2019
Afghanistan,,,,,,,,,,,,,,,,,,,,,,,,,,,,,,,,,,,,,,,,,,,0.362,0.374,0.411,0.39,0.398,0.403,0.454,0.452,0.489,0.497,0.506,0.527,0.53,0.532,0.528,0.527,0.526,0.521
Albania,,,,,,,,,,,,,,,,,,,,,,,,,,,,,,,,,,,,,0.398,0.423,0.44,0.468,0.443,0.449,0.438,0.419,0.426,0.436,0.435,0.446,0.447,0.453,0.44,0.443,0.45,0.446,0.458,0.463,0.467,0.48,0.477,0.486
Algeria,,,,,,,,,,,,,,,,,,,,,,,,,,,,,,,,,,,,,,,,0.379,0.322,0.348,0.349,0.336,0.327,0.302,0.302,0.324,0.325,0.396,0.382,0.394,0.395,0.412,0.429,0.474,0.481,0.457,0.44,0.459
Angola,,,,,,,,,,,,,,,,,,,,,,,,,,,,,,,,,,,,0.331,0.252,0.302,0.319,0.21,0.222,0.27,0.379,0.412,0.403,0.355,0.372,0.346,0.343,0.49,0.419,0.391,0.396,0.428,0.468,0.487,0.47,0.468,0.432,
Antigua and Barbuda,,,,,,,,,,,,,,,,,,0.751,0.756,0.751,0.736,0.731,0.757,0.765,0.768,0.758,0.724,0.719,0.717,0.715,0.725,0.723,0.732,0.742,0.742,0.737,0.737,0.74,0.744,0.742,0.763,0.759,0.75,0.745,0.732,0.726,0.683,0.676,0.672,0.685,0.707,0.721,0.716,0.709,0.704,0.699,0.685,0.674,0.658,0.668
Argentina,,,,,,0.387,0.401,0.426,0.432,0.434,0.481,0.432,0.434,0.447,0.462,0.433,0.41,0.441,0.464,0.482,0.524,0.532,0.493,0.498,0.519,0.531,0.548,0.541,0.525,0.48,0.559,0.606,0.633,0.611,0.616,0.623,0.614,0.608,0.615,0.635,0.635,0.651,0.548,0.51,0.478,0.485,0.487,0.495,0.503,0.533,0.515,0.518,0.537,0.539,0.529,0.558,0.561,0.57,0.555,0.536
Armenia,,,,,,,,,,,,,,,,,,,,,,,,,,,,,,,,,,,,,,,,,,,,,,,,,,,,,0.457,0.457,0.474,0.482,0.499,0.508,0.526,0.542
Australia,,,,,,,,,,,,,,,,,,,,,,,,,,,,,,,0.594,0.611,0.618,0.624,0.624,0.623,0.624,0.633,0.635,0.643,0.643,0.641,0.64,0.643,0.643,0.644,0.637,0.644,0.645,0.641,0.657,0.647,0.653,0.663,0.658,0.673,0.683,0.671,0.667,0.661
Austria,,,,,,,,,,,,,,,,,0.496,0.505,0.505,0.517,0.516,0.522,0.534,0.54,0.542,0.546,0.55,0.556,0.557,0.561,0.561,0.564,0.573,0.584,0.582,0.589,0.587,0.585,0.589,0.587,0.593,0.595,0.603,0.604,0.603,0.606,0.607,0.603,0.61,0.622,0.623,0.623,0.62,0.623,0.627,0.629,0.627,0.625,0.625,0.625
Azerbaijan,,,,,,,,,,,,,,,,,,,,,,,,,,,,,,,0.348,0.342,0.288,0.359,0.38,0.379,0.308,0.358,0.433,0.39,0.358,0.345,0.325,0.319,0.318,0.251,0.235,0.218,0.237,0.313,0.282,0.277,0.295,0.315,0.342,0.407,0.393,0.381,0.353,0.374
Bahamas,,,,,,,,,,,,,,,,,,,,,,,,,0.734,0.73,0.73,0.731,,0.685,0.702,0.668,0.666,0.712,0.675,0.681,0.679,0.768,0.769,0.801,0.777,0.824,0.809,0.815,0.823,0.822,0.789,0.822,0.812,0.823,0.811,0.798,0.769,0.78,0.785,0.777,0.763,0.735,0.742,
Bahrain,,,,,,,,,,,,,,,,,,,,,0.364,0.373,0.417,0.462,0.459,,,,,,,,,,,,,,,,,,,,,,0.535,0.528,0.483,0.556,0.537,0.493,0.512,0.508,0.525,0.585,0.595,0.574,0.56,0.549
Bangladesh,0.356,0.352,0.35,0.35,0.362,0.365,0.357,0.36,0.372,0.354,0.367,0.413,0.343,0.313,0.3,0.264,0.336,0.344,0.314,0.319,0.446,0.457,0.461,0.458,0.416,0.444,0.451,0.455,0.464,0.472,0.467,0.444,0.444,0.46,0.463,0.451,0.501,0.499,0.498,0.502,0.506,0.506,0.516,0.524,0.528,0.529,0.527,0.529,0.529,0.533,0.535,0.53,0.532,0.534,0.536,0.537,0.537,0.535,0.53,0.528
Barbados,,,,,,,,,,,,,,,,0.587,0.638,0.621,0.614,0.619,0.509,0.534,0.544,0.532,0.532,0.562,0.546,0.543,0.544,0.55,0.71,0.705,0.715,0.706,0.719,0.722,0.728,0.72,0.704,0.706,0.713,0.715,0.737,0.717,0.729,0.719,,,,,,,,,,,,,,
Belarus,,,,,,,,,,,,,,,,,,,,,,,,,,,,,,,0.286,0.222,0.272,0.406,0.444,0.412,0.394,0.379,0.396,0.4,0.399,0.443,0.441,0.433,0.418,0.396,0.408,0.405,0.38,0.422,0.435,0.441,0.433,0.454,0.457,0.477,0.485,0.476,0.478,0.488
Belgium,,,,,,,,,,,,,,,,,,,,,,,,,,,,,,,,,,,,0.628,0.626,0.621,0.626,0.634,0.631,0.642,0.647,0.653,0.652,0.659,0.661,0.661,0.67,0.681,0.677,0.68,0.685,0.688,0.692,0.692,0.693,0.693,0.695,0.697
Belize,,,,,,,,,,,,,,,,,,,0.406,0.431,0.439,0.493,0.557,0.567,0.544,0.557,0.552,0.508,0.497,0.516,0.518,0.532,0.545,0.549,0.554,0.552,0.546,0.556,0.561,0.58,0.564,0.59,0.607,0.617,0.616,0.631,0.605,0.619,0.614,0.629,0.603,0.593,0.593,0.592,0.593,0.601,0.622,0.622,0.655,0.655
Benin,0.436,0.44,0.455,0.448,0.437,0.474,0.435,0.465,0.503,0.504,0.52,0.522,0.519,0.521,0.514,0.533,0.539,0.556,0.515,0.517,0.523,0.544,0.524,0.515,0.496,0.518,0.542,0.544,0.522,0.494,0.529,0.53,0.533,0.537,0.544,0.535,0.51,0.507,0.509,0.335,0.353,0.376,0.358,0.372,0.369,0.38,0.392,0.41,0.438,0.441,0.445,0.47,0.489,0.494,0.495,0.492,0.482,0.484,0.488,0.48
Bhutan,,,,,,,,,,,,,,,,,,,,,0.439,0.405,0.378,0.355,0.347,0.36,0.371,0.363,0.378,0.398,0.389,0.393,0.369,0.373,0.337,0.329,0.34,0.337,0.362,0.358,0.371,0.363,0.35,0.353,0.37,0.391,0.386,0.352,0.363,0.379,0.373,0.39,0.373,0.372,0.382,0.386,0.383,0.381,0.399,
Bolivia,,,,,,,,,,,0.443,0.462,0.438,0.415,0.4,0.448,0.457,0.453,0.467,0.48,0.45,0.444,0.453,0.424,0.432,0.434,0.443,0.464,0.461,0.464,0.461,0.466,0.475,0.489,0.483,0.467,0.475,0.492,0.517,0.542,0.522,0.527,0.523,0.513,0.493,0.468,0.431,0.425,0.405,0.435,0.436,0.41,0.404,0.402,0.415,0.46,0.498,0.487,0.491,0.507
Bosnia and Herzegovina,,,,,,,,,,,,,,,,,,,,,,,,,,,,,,,,,,,0.383,0.536,0.357,0.394,0.387,0.445,0.559,0.545,0.56,0.554,0.552,0.547,0.527,0.526,0.537,0.557,0.556,0.559,0.569,0.562,0.569,0.563,0.555,0.558,0.549,0.555
Botswana,0.431,0.459,0.485,0.505,0.483,0.47,0.463,0.438,0.439,0.418,0.394,0.394,0.394,0.4,0.403,0.336,0.355,0.357,0.337,0.306,0.299,0.333,0.344,0.328,0.315,0.301,0.297,0.289,0.269,0.284,0.318,0.329,0.347,0.379,0.454,0.463,0.448,0.441,0.461,0.444,0.427,0.453,0.476,0.497,0.482,0.456,0.462,0.468,0.501,0.568,0.55,0.527,0.577,0.567,0.558,0.581,0.57,0.591,0.594,0.606
Brazil,0.363,0.34,0.442,0.402,0.438,0.425,0.417,0.44,0.417,0.414,0.415,0.419,0.414,0.408,0.409,0.421,0.416,0.411,0.427,0.434,0.408,0.409,0.409,0.405,0.39,0.393,0.389,0.397,0.418,0.484,0.452,0.488,0.471,0.441,0.435,0.581,0.603,0.606,0.611,0.602,0.583,0.577,0.573,0.564,0.549,0.561,0.571,0.577,0.568,0.591,0.576,0.576,0.587,0.597,0.613,0.623,0.632,0.633,0.63,0.633
Brunei,,,,,,,,,,,,,,,0.0815,0.0915,0.0842,0.142,0.183,0.149,0.145,0.175,0.195,0.217,0.255,0.27,0.393,0.386,0.455,0.392,0.375,0.394,0.386,0.417,0.45,0.446,0.426,0.427,0.471,0.436,0.353,0.388,0.382,0.346,0.31,0.275,0.261,0.28,0.253,0.337,0.325,0.274,0.283,0.312,0.328,0.394,0.43,0.409,0.373,0.382
Bulgaria,,,,,,,,,,,,,,,,,,,,,0.305,0.29,0.25,0.251,0.241,0.251,0.214,0.301,0.325,0.327,0.352,0.357,0.391,0.453,0.447,0.653,0.659,0.491,0.544,0.534,0.54,0.535,0.553,0.539,0.541,0.535,0.529,0.54,0.533,0.561,0.596,0.577,0.574,0.584,0.589,0.586,0.579,0.581,0.61,0.607
Burkina Faso,0.383,0.385,0.387,0.369,0.366,0.412,0.407,0.422,0.433,0.432,0.445,0.408,0.409,0.398,0.417,0.404,0.387,0.439,0.428,0.47,0.485,0.484,0.505,0.499,0.494,0.432,0.45,0.459,0.453,0.459,0.476,0.464,0.464,0.463,0.394,0.395,0.375,0.383,0.38,0.354,0.477,0.464,0.466,0.449,0.465,0.445,0.471,0.482,0.451,0.459,0.421,0.406,0.403,0.416,0.425,0.441,0.438,0.435,0.417,0.44
Burundi,,,,,,,,,,,0.178,0.19,0.215,0.182,0.195,0.195,0.206,0.193,0.206,0.203,0.232,0.24,0.256,0.255,0.237,0.231,0.251,0.255,0.259,0.234,0.23,0.233,0.227,0.224,0.268,0.285,0.281,0.326,0.335,0.357,0.321,0.35,0.355,0.338,0.34,0.34,0.357,0.399,0.383,0.378,0.37,0.38,0.389,0.36,0.391,0.494,0.477,0.493,0.491,0.479
Cambodia,,,,,,,,,,,,,,,,,,,,,,,,,,,,,,,,,,0.394,0.363,0.342,0.36,0.351,0.348,0.354,0.369,0.384,0.393,0.382,0.393,0.391,0.387,0.385,0.388,0.388,0.383,0.375,0.378,0.385,0.397,0.398,0.399,0.397,0.395,0.388
Cameroon,,,,,,0.47,0.475,0.488,0.49,0.498,0.5,0.498,0.492,0.506,0.526,0.526,0.534,0.48,0.527,0.485,0.396,0.377,0.37,0.391,0.358,0.405,0.426,0.436,0.448,0.432,0.449,0.447,0.458,0.505,0.471,0.483,0.476,0.467,0.47,0.463,0.455,0.481,0.486,0.492,0.504,0.507,0.495,0.497,0.508,0.526,0.521,0.531,0.52,0.525,0.518,0.521,0.53,0.521,0.516,0.493
Canada,,,,,,,,,,,,,,,,,,,,,,,,,,,,,,,,,,,,,,0.627,0.635,0.624,0.611,0.624,0.628,0.627,0.622,0.618,0.625,0.629,0.625,0.667,0.655,0.646,0.652,0.652,0.649,0.67,0.68,,,
Cape Verde,,,,,,,,,,,,,,,,,,,,,0.645,0.669,0.716,0.707,0.705,0.69,0.685,0.636,0.63,0.63,0.555,0.563,0.558,0.673,0.566,0.58,0.586,0.621,0.627,0.63,0.654,0.694,0.706,0.713,0.719,0.718,0.726,0.61,0.598,0.602,0.612,0.606,0.622,0.618,0.612,0.605,0.618,0.612,0.609,0.614
Central African Republic,,,,,,,,,,,,,,,,,,,,,,,,,,,,,,,,,,,,,,,,,,,,,,,,,,0.293,0.293,0.286,0.301,0.396,0.418,0.421,0.417,0.419,0.42,0.436
Chad,0.481,0.486,0.493,0.483,0.487,0.479,0.46,0.422,0.422,0.428,0.438,0.44,0.449,0.447,0.435,0.446,0.46,0.518,0.516,0.493,0.467,0.492,0.488,0.472,0.488,0.476,0.509,0.502,0.476,0.492,0.505,0.489,0.497,0.517,0.494,0.494,0.463,0.44,0.437,0.455,0.446,0.43,0.439,0.404,0.287,0.351,0.325,0.332,0.326,0.375,0.334,0.326,0.318,0.33,0.311,0.33,0.305,0.335,0.375,0.405
Chile,0.521,0.526,0.515,0.51,0.501,0.502,0.498,0.497,0.497,0.494,0.505,0.525,0.533,0.517,0.444,0.546,0.503,0.524,0.542,0.539,0.551,0.576,0.598,0.529,0.493,0.502,0.517,0.503,0.459,0.474,0.471,0.466,0.482,0.493,0.493,0.483,0.51,0.518,0.538,0.547,0.541,0.549,0.545,0.537,0.517,0.505,0.472,0.485,0.536,0.54,0.528,0.535,0.556,0.569,0.567,0.579,0.586,0.579,0.581,0.587
China,0.324,0.323,0.297,0.271,0.266,0.274,0.249,0.263,0.273,0.271,0.249,0.244,0.248,0.243,0.241,0.227,0.226,0.243,0.246,0.223,0.223,0.227,0.226,0.232,0.255,0.294,0.298,0.304,0.312,0.329,0.324,0.345,0.356,0.345,0.344,0.337,0.336,0.35,0.37,0.386,0.398,0.412,0.422,0.42,0.412,0.413,0.418,0.429,0.429,0.444,0.442,0.443,0.455,0.469,0.483,0.508,0.524,0.527,0.533,0.539
Colombia,,,,,,0.465,0.468,0.459,0.462,0.471,0.475,0.493,0.478,0.458,0.461,0.476,0.461,0.45,0.473,0.49,0.488,0.503,0.507,0.508,0.498,0.482,0.456,0.463,0.466,0.468,0.483,0.486,0.512,0.517,0.528,0.539,0.572,0.584,0.589,0.582,0.572,0.572,0.565,0.549,0.542,0.532,0.525,0.53,0.52,0.535,0.534,0.514,0.52,0.534,0.546,0.562,0.569,0.576,0.575,0.575
Comoros,,,,,,,,,,,,,,,,,,,,,0.545,0.545,0.545,0.545,0.545,0.545,0.545,0.545,0.545,0.545,0.545,0.545,0.545,0.545,0.545,0.545,0.545,0.545,0.545,0.545,0.545,0.545,0.545,0.545,0.545,0.545,0.545,0.543,0.558,0.535,0.532,0.536,0.54,0.531,0.538,0.549,0.542,0.542,0.535,
Congo Dem. Rep.,,,,,,,,,,,,,,,,,,,,,,,,,,,,,,,,,,,0.268,0.258,0.335,0.299,0.31,0.283,0.445,0.345,0.381,0.42,0.402,0.434,0.445,0.436,0.387,0.384,0.354,0.331,0.332,0.323,0.317,0.331,0.338,0.338,0.329,0.354
Congo Rep.,0.594,0.615,0.623,0.613,0.611,0.619,0.611,0.603,0.611,0.628,0.582,0.61,0.623,0.622,0.595,0.531,0.489,0.529,0.545,0.493,0.417,0.412,0.396,0.381,0.365,0.386,0.553,0.523,0.562,0.491,0.465,0.526,0.53,0.535,0.442,0.447,0.392,0.34,0.43,0.304,0.225,0.287,0.304,0.326,0.286,0.236,0.205,0.224,0.189,0.244,0.208,0.2,0.213,0.236,0.257,0.381,0.389,0.4,0.401,0.354
Costa Rica,0.535,0.538,0.538,0.542,0.537,0.534,0.54,0.537,0.527,0.529,0.533,0.541,0.538,0.531,0.53,0.523,0.522,0.52,0.535,0.55,0.552,0.504,0.498,0.494,0.493,0.523,0.515,0.544,0.548,0.559,0.585,0.526,0.512,0.525,0.526,0.52,0.527,0.525,0.527,0.54,0.557,0.565,0.573,0.576,0.571,0.576,0.58,0.578,0.592,0.608,0.618,0.631,0.641,0.657,0.664,0.674,0.675,0.682,0.687,0.696
Cote d'Ivoire,0.39,0.397,0.401,0.411,0.441,0.445,0.447,0.464,0.481,0.51,0.496,0.494,0.505,0.512,0.584,0.547,0.592,0.606,0.576,0.565,0.544,0.549,0.546,0.566,0.563,0.537,0.503,0.485,0.453,0.455,0.412,0.421,0.415,0.49,0.537,0.545,0.55,0.53,0.53,0.549,0.535,0.528,0.516,0.501,0.544,0.546,0.538,0.547,0.529,0.538,0.531,0.491,0.538,0.531,0.515,0.547,0.543,0.534,0.536,0.539
Croatia,,,,,,,,,,,,,,,,,,,,,,,,,,,,,,,,,,,,0.504,0.525,0.519,0.522,0.535,0.531,0.536,0.544,0.555,0.546,0.558,0.558,0.571,0.571,0.579,0.59,0.594,0.589,0.585,0.588,0.585,0.585,0.588,0.589,0.591
Cuba,,,,,,,,,,,,,,,,,,,,,,,,,,,,,,,,,,,,,0.647,0.639,0.666,0.671,0.666,0.675,0.694,0.707,0.715,0.73,0.733,0.724,0.723,0.725,0.725,0.73,0.717,0.718,0.729,0.728,0.72,0.708,0.7,
Cyprus,,,,,,,,,,,,,,,,,,,,,,,,,,,,,,,,,,,,0.664,0.67,0.687,0.693,0.702,0.698,0.693,0.684,0.674,0.668,0.667,0.67,0.661,0.664,0.7,0.716,0.739,0.749,0.761,0.759,0.755,0.745,0.734,0.722,0.719
Czech Republic,,,,,,,,,,,,,,,,,,,,,,,,,,,,,,,,,,0.506,0.509,0.515,0.503,0.516,0.526,0.535,0.541,0.539,0.556,0.564,0.541,0.541,0.541,0.54,0.546,0.555,0.556,0.547,0.544,0.543,0.537,0.538,0.543,0.545,0.558,0.562
Denmark,,,,,,,0.54,0.548,0.546,0.551,0.568,0.574,0.573,0.582,0.59,0.602,0.605,0.599,0.598,0.604,0.591,0.6,0.602,0.603,0.592,0.591,0.584,0.592,0.599,0.601,0.609,0.616,0.618,0.631,0.625,0.616,0.61,0.608,0.607,0.607,0.603,0.609,0.615,0.622,0.62,0.616,0.609,0.615,0.623,0.654,0.654,0.647,0.643,0.652,0.656,0.658,0.651,0.65,0.646,0.649
Djibouti,,,,,,,,,,,,,,,,,,,,,,,,,,,,,,,,,,,,,,,,,,,,,,,,,,,,,,0.805,0.803,0.802,0.804,0.792,0.75,0.752
Dominica,,,,,,,,,,,,,,,,,,0.546,0.541,0.587,0.575,0.548,0.546,0.561,0.569,0.577,0.568,0.565,0.554,0.577,0.577,0.594,0.595,0.595,0.613,0.619,0.612,0.609,0.61,0.614,0.621,0.633,0.633,0.635,0.621,0.609,0.609,0.59,0.585,0.594,0.603,0.59,0.602,0.591,0.59,0.587,0.569,0.606,0.534,0.525
Dominican Republic,0.857,0.869,0.867,0.873,0.871,0.453,0.412,0.408,0.411,0.398,0.398,0.399,0.415,0.4,0.358,0.349,0.398,0.406,0.444,0.43,0.431,0.445,0.46,0.44,0.405,0.594,0.499,0.602,0.516,0.47,0.477,0.468,0.473,0.487,0.496,0.498,0.499,0.507,0.494,0.507,0.521,0.54,0.538,0.552,0.551,0.558,0.556,0.549,0.572,0.592,0.593,0.596,0.599,0.589,0.587,0.591,0.598,0.594,0.586,0.603
Ecuador,0.41,0.411,0.401,0.399,0.401,0.411,0.424,0.421,0.407,0.437,0.417,0.415,0.42,0.446,0.457,0.486,0.493,0.493,0.502,0.511,0.533,0.53,0.518,0.526,0.484,0.478,0.473,0.469,0.444,0.444,0.451,0.447,0.446,0.443,0.46,0.478,0.495,0.502,0.521,0.495,0.453,0.504,0.519,0.542,0.541,0.534,0.518,0.513,0.495,0.521,0.511,0.493,0.49,0.493,0.493,0.514,0.516,0.512,0.514,0.519
Egypt,0.412,0.409,0.407,0.401,0.395,0.384,0.39,0.396,0.381,0.372,0.421,0.431,0.438,0.411,0.425,0.423,0.422,0.406,0.427,0.409,0.408,0.417,0.478,0.479,0.483,0.488,0.487,0.502,0.497,0.497,0.496,0.487,0.472,0.473,0.469,0.477,0.477,0.482,0.483,0.476,0.465,0.465,0.46,0.449,0.451,0.459,0.447,0.47,0.467,0.466,0.462,0.457,0.518,0.523,0.523,0.532,0.545,0.532,0.515,0.505
El Salvador,,,,,,0.355,0.365,0.368,0.38,0.387,0.353,0.36,0.364,0.359,0.376,0.382,0.367,0.341,0.379,0.374,0.401,0.431,0.452,0.465,0.485,0.497,0.499,0.537,0.536,0.552,0.547,0.547,0.549,0.535,0.537,0.543,0.553,0.562,0.569,0.579,0.586,0.584,0.591,0.592,0.605,0.605,0.603,0.594,0.587,0.61,0.595,0.578,0.583,0.595,0.594,0.6,0.603,0.601,0.599,0.599
Equatorial Guinea,,,,,,,,,,,,,,,,,,,,,,,,,,,,,,,,,,,,,,,,,,,,,,,0.157,0.175,0.154,0.237,0.247,0.221,0.229,0.272,0.29,0.391,0.452,0.409,0.404,0.467
Estonia,,,,,,,,,,,,,,,,,,,,,,,,,,,,,,,,,,,,0.57,0.573,0.575,0.588,0.625,0.606,0.603,0.6,0.597,0.596,0.591,0.578,0.571,0.596,0.611,0.602,0.587,0.591,0.594,0.595,0.603,0.601,0.603,0.602,0.614
Eswatini,,,,,,0.309,0.297,0.333,0.4,0.328,0.348,0.345,0.297,0.308,0.311,0.258,0.266,0.265,0.25,0.268,0.405,0.4,0.403,0.444,0.418,0.438,0.414,0.399,0.367,0.349,0.396,0.398,0.42,0.413,0.379,0.361,0.359,0.352,0.35,0.351,0.456,0.451,0.444,0.459,0.475,0.466,0.469,0.471,0.485,0.486,0.496,0.502,0.484,0.494,0.503,0.502,0.517,0.535,0.537,0.531
Ethiopia,,,,,,,,,,,,,,,,,,,,,,0.308,0.324,0.318,0.355,0.332,0.339,0.344,0.354,0.358,0.363,0.297,0.268,0.287,0.338,0.331,0.333,0.274,0.328,0.359,0.374,0.385,0.414,0.428,0.401,0.391,0.386,0.391,0.379,0.388,0.418,0.414,0.386,0.397,0.399,0.395,0.367,0.366,0.364,0.369
Fiji,,,,0.306,0.329,0.366,0.393,0.401,0.398,0.427,0.422,0.468,0.461,0.468,0.477,0.477,0.474,0.514,0.535,0.52,0.512,0.532,0.535,0.559,0.561,0.556,0.535,0.506,0.531,0.476,0.489,0.487,0.477,0.467,0.459,0.476,0.482,0.492,0.503,0.505,0.531,0.537,0.534,0.532,0.525,0.568,0.563,0.576,0.575,0.585,0.575,0.582,0.58,0.569,0.555,0.554,0.545,0.545,0.539,
Finland,,,,,,,,,,,,,,,,0.457,0.474,0.475,0.473,0.471,0.468,0.478,0.484,0.489,0.491,0.503,0.511,0.517,0.506,0.505,0.523,0.557,0.567,0.561,0.551,0.543,0.551,0.543,0.535,0.537,0.53,0.543,0.549,0.552,0.558,0.559,0.55,0.547,0.562,0.596,0.589,0.593,0.607,0.604,0.607,0.608,0.603,0.598,0.599,0.603
France,0.469,0.48,0.479,0.49,0.491,0.495,0.5,0.507,0.522,0.522,0.526,0.528,0.526,0.53,0.549,0.558,0.562,0.573,0.571,0.57,0.578,0.587,0.587,0.594,0.601,0.601,0.606,0.611,0.613,0.618,0.62,0.628,0.636,0.648,0.65,0.648,0.651,0.654,0.655,0.659,0.663,0.669,0.674,0.681,0.682,0.685,0.687,0.69,0.697,0.708,0.707,0.702,0.703,0.703,0.703,0.702,0.705,0.703,0.702,0.702
Gabon,0.339,0.332,0.335,0.178,0.391,0.398,0.399,0.38,0.361,0.358,0.339,0.406,0.357,0.405,0.284,0.313,0.326,0.363,0.357,0.308,0.328,0.355,0.332,0.367,0.342,0.267,0.433,0.402,0.54,0.496,0.497,0.478,0.484,0.463,0.383,0.396,0.375,0.391,0.498,0.439,0.375,0.379,0.389,0.388,0.363,0.296,0.309,0.313,0.29,0.368,0.324,0.275,0.296,0.319,0.353,0.39,0.417,0.426,0.406,0.401
Gambia,,,,,,,0.595,0.594,0.594,0.595,0.615,0.614,0.595,0.595,0.595,0.59,0.577,0.595,0.614,0.617,0.6,0.569,0.55,0.568,0.553,0.6,0.599,0.586,0.631,0.637,0.646,0.665,0.675,0.676,0.661,0.638,0.614,0.638,0.647,0.604,0.606,0.598,0.601,0.584,0.511,0.507,0.556,0.574,0.53,0.511,0.492,0.549,0.545,0.551,0.564,0.519,0.488,0.534,0.565,0.585
Georgia,,,,,,,,,,,,,,,,,,,,,0.372,0.366,0.362,0.371,0.357,0.321,0.343,0.352,0.356,0.347,0.333,0.318,0.229,,,,0.414,0.448,0.48,0.492,0.532,0.529,0.524,0.514,0.517,0.511,0.552,0.568,0.607,0.607,0.631,0.617,0.617,0.622,0.617,0.62,0.615,0.603,0.603,0.604
Germany,,,,,,,,,,,,,,,,,,,,,,,,,,,,,,,,0.564,0.574,0.592,0.591,0.598,0.607,0.611,0.613,0.615,0.615,0.622,0.631,0.633,0.632,0.634,0.627,0.619,0.622,0.642,0.623,0.618,0.617,0.622,0.621,0.622,0.618,0.618,0.618,0.624
Ghana,,,,,,,,,,,,,,,,,,,,,,,,,0.35,0.311,0.345,0.329,0.336,0.334,0.379,0.374,0.374,0.275,0.273,0.277,0.262,0.279,0.282,0.284,0.288,0.292,0.292,0.291,0.287,0.289,0.465,0.472,0.462,0.479,0.482,0.458,0.476,0.391,0.361,0.395,0.431,0.427,0.43,0.441
Greece,,,,,,,,,,,,,,,,,,,,,,,,,,,,,,,,,,,,0.64,0.651,0.66,0.664,0.648,0.652,0.645,0.648,0.642,0.656,0.677,0.654,0.672,0.699,0.713,0.716,0.712,0.708,0.708,0.708,0.704,0.688,0.687,0.681,0.681
Grenada,,,,,,,,,,,,,,,,,,0.601,0.61,0.589,0.625,0.605,0.602,0.608,0.623,0.627,0.63,0.598,0.596,0.615,0.631,0.616,0.635,0.653,0.654,0.652,0.653,0.644,0.648,0.642,0.647,0.667,0.655,0.646,0.664,0.616,0.638,0.65,0.667,0.696,0.684,0.691,0.705,0.697,0.683,0.668,0.669,0.67,0.659,0.663
Guatemala,,,,,,0.542,0.537,0.54,0.534,0.536,0.54,0.535,0.529,0.529,0.534,0.535,0.526,0.528,0.53,0.531,0.532,0.533,0.536,0.542,0.546,0.545,0.543,0.542,0.54,0.543,0.543,0.547,0.547,0.553,0.558,0.562,0.563,0.563,0.566,0.568,0.574,0.539,0.535,0.54,0.541,0.554,0.558,0.561,0.571,0.58,0.585,0.58,0.586,0.608,0.609,0.614,0.619,0.625,0.63,0.627
Guinea,,,,,,,,,,,,,,,,,,,,,,,,,,,0.412,0.457,0.425,0.412,0.445,0.481,0.535,0.509,0.513,0.496,0.495,0.467,0.437,0.453,0.414,0.4,0.394,0.406,0.392,0.379,0.449,0.456,0.437,0.443,0.434,0.439,0.422,0.435,0.434,0.455,0.419,0.415,0.398,0.415
Guinea-Bissau,,,,,,,,,,,0.313,0.331,0.318,0.327,0.331,0.269,0.364,0.312,0.284,0.285,0.391,0.348,0.388,0.461,0.443,0.379,0.349,0.271,0.254,0.32,0.193,0.342,0.387,0.332,0.309,0.308,0.29,0.296,0.246,0.267,0.418,0.461,0.388,0.383,0.394,0.39,0.414,0.416,0.383,0.407,0.394,0.406,0.381,0.401,0.419,0.364,0.364,0.325,0.348,0.372
Guyana,0.385,0.384,0.361,0.365,0.363,0.367,0.372,0.368,0.363,0.35,0.356,0.365,0.384,0.432,0.333,0.319,0.385,0.395,0.385,0.388,0.362,0.399,0.412,0.433,0.43,0.407,0.391,0.345,0.386,0.269,0.327,0.256,0.261,0.235,0.222,0.219,0.227,0.259,0.29,0.301,0.332,0.343,0.345,0.354,0.349,0.379,0.44,0.423,0.414,0.423,0.431,0.428,0.424,0.432,0.445,0.433,0.411,0.42,0.405,0.384
Haiti,,,,,,,,,,,,,,,,,,,,,,,,,,,,,0.426,0.4,0.435,0.402,0.409,0.43,0.43,0.428,0.411,0.421,0.414,0.407,0.43,0.45,0.433,0.432,0.628,0.414,0.402,0.41,0.242,0.208,0.18,0.245,0.17,0.157,0.157,0.151,0.147,0.144,0.135,0.121
Honduras,0.395,0.39,0.381,0.391,0.388,0.372,0.381,0.373,0.37,0.384,0.41,0.415,0.421,0.409,0.409,0.431,0.431,0.406,0.366,0.39,0.416,0.452,0.465,0.487,0.486,0.498,0.499,0.49,0.483,0.469,0.442,0.464,0.456,0.476,0.459,0.461,0.458,0.474,0.478,0.507,0.507,0.53,0.548,0.557,0.56,0.564,0.57,0.583,0.596,0.611,0.606,0.582,0.586,0.61,0.602,0.588,0.584,0.568,0.572,0.576
Hungary,,,,,,,,,,,,,,,,,,,,,,,,,,,,,,,,,,,,0.517,0.526,0.523,0.521,0.53,0.533,0.544,0.557,0.557,0.543,0.552,0.561,0.558,0.564,0.568,0.563,0.557,0.55,0.554,0.547,0.539,0.551,0.552,0.555,0.553
Iceland,,,,,,,,,,,,,,,,,,,,,,,,,,,,,,,,,,,,0.508,0.5,0.528,0.541,0.553,0.566,0.566,0.588,0.601,0.599,0.598,0.583,0.62,0.61,0.651,0.619,0.61,0.619,0.629,0.637,0.642,0.652,0.653,0.653,0.655
India,0.388,0.383,0.399,0.381,0.363,0.375,0.365,0.346,0.351,0.343,0.35,0.358,0.355,0.329,0.336,0.351,0.358,0.347,0.349,0.355,0.338,0.339,0.349,0.345,0.354,0.361,0.37,0.375,0.368,0.372,0.37,0.378,0.379,0.385,0.375,0.378,0.377,0.391,0.401,0.42,0.427,0.438,0.447,0.447,0.441,0.444,0.44,0.44,0.459,0.46,0.45,0.454,0.463,0.467,0.478,0.478,0.477,0.479,0.488,0.499
Indonesia,,,,,,,,,,,,,,,,,,,,,,,,0.393,0.394,0.419,0.421,0.404,0.397,0.395,0.391,0.391,0.405,0.424,0.421,0.411,0.399,0.396,0.367,0.37,0.334,0.384,0.401,0.411,0.41,0.403,0.401,0.395,0.375,0.371,0.407,0.406,0.409,0.415,0.422,0.433,0.436,0.436,0.434,0.442
Iran,0.435,0.429,0.425,0.427,0.44,0.446,0.443,0.439,0.435,0.428,0.426,0.408,0.42,0.353,0.326,0.382,0.374,0.414,0.483,0.486,0.551,0.526,0.465,0.487,0.507,0.539,0.57,0.561,0.58,0.561,0.532,0.533,0.527,0.487,0.482,0.499,0.488,0.525,0.572,0.534,0.514,0.523,0.477,0.488,0.479,0.48,0.491,0.476,0.486,0.515,0.511,0.487,0.508,0.483,0.499,0.559,0.552,0.544,,
Iraq,,,,,,,,,0.371,0.388,0.373,0.339,0.367,0.347,0.214,0.241,0.21,0.224,0.232,0.192,0.213,0.391,0.403,0.415,0.418,0.418,0.474,0.437,0.436,0.431,0.195,0.333,0.279,0.266,0.24,0.145,0.23,0.165,0.189,0.132,0.106,0.156,0.173,0.208,0.312,0.295,0.327,0.35,0.334,0.428,0.39,0.329,0.353,0.375,0.386,0.532,0.516,0.458,0.42,0.422
Ireland,,,,,,,,,,,,,,,,,,,,,,,,,,,,,,,,,,,,0.556,0.558,0.553,0.555,0.549,0.549,0.528,0.517,0.547,0.554,0.565,0.567,0.59,0.624,0.634,0.665,0.649,0.65,0.661,0.657,0.54,0.556,0.564,0.558,0.567
Israel,,,,,,,,,,,,,,,,,,,,,,,,,,,,,,,,,,,,0.616,0.616,0.621,0.63,0.639,0.65,0.665,0.66,0.658,0.665,0.661,0.659,0.657,0.662,0.67,0.666,0.67,0.675,0.677,0.677,0.682,0.692,0.697,0.698,
Italy,,,,,,,,,,,,,,,,,,,,,,,,,,,,,,,0.601,0.604,0.608,0.616,0.615,0.61,0.617,0.617,0.617,0.621,0.627,0.635,0.638,0.646,0.645,0.648,0.643,0.641,0.647,0.667,0.663,0.662,0.664,0.667,0.671,0.67,0.666,0.664,0.663,0.663
Jamaica,,,,,,,,,,,,,,,,,,,,,,,,,,,,,,,,,,0.572,0.585,0.573,0.606,0.617,0.625,0.634,0.639,0.639,0.657,0.656,0.642,0.645,0.647,0.648,0.665,0.681,0.665,0.659,0.654,0.643,0.636,0.618,0.613,0.598,0.593,0.593
Japan,,,,,,,,,,,,,,,,,,,,,,,,,,,,,,,,,,,0.63,0.632,0.633,0.642,0.649,0.658,0.659,0.669,0.681,0.684,0.685,0.69,0.69,0.691,0.698,0.715,0.702,0.715,0.716,0.713,0.705,0.693,0.694,0.69,0.693,
Jordan,,,,,,0.598,0.627,0.62,0.603,0.606,0.642,0.641,0.619,0.615,0.59,0.6,0.642,0.619,0.613,0.649,0.628,0.613,0.613,0.612,0.623,0.646,0.601,0.603,0.63,0.646,0.604,0.619,0.612,0.627,0.609,0.623,0.644,0.67,0.652,0.661,0.682,0.675,0.669,0.668,0.661,0.668,0.649,0.64,0.603,0.608,0.602,0.598,0.611,0.613,0.611,0.611,0.619,0.617,0.618,
Kazakhstan,,,,,,,,,,,,,,,,,,,,,,,,,,,,,,,,,0.251,0.47,0.444,0.54,0.58,0.589,0.567,0.524,0.484,0.494,0.505,0.518,0.534,0.52,0.516,0.542,0.521,0.54,0.517,0.489,0.514,0.532,0.548,0.593,0.579,0.573,0.555,0.555
Kenya,,,,,,,,,,,,,,,,,,,,,,,,,,,,,,,,,,,,,,,,,,,,,,,0.504,0.502,0.501,0.493,0.481,0.471,0.477,0.48,0.48,0.462,0.448,0.423,0.431,0.432
Kiribati,,,,,,,,,,,,,,,,,,,0.22,0.322,0.484,0.448,0.479,0.491,0.311,0.333,0.356,0.382,0.377,0.401,0.442,0.567,0.596,0.58,0.59,0.593,0.61,0.619,0.609,0.614,0.583,0.595,0.578,0.576,0.569,0.591,0.652,0.624,0.63,0.617,0.635,0.616,0.611,0.608,0.617,0.607,0.618,0.633,0.633,
Kuwait,,,,,,,,,,,,,,,,,,,,,,,,,,,,,,,,,,,,,,,,,,,,,,,,,,,0.47,0.388,0.368,0.381,0.422,0.584,0.607,0.568,0.509,0.541
Kyrgyz Republic,,,,,,,,,,,,,,,,,,,,,,,,,,,,,,,0.306,0.263,0.23,0.28,0.339,0.356,0.303,0.31,0.352,0.347,0.3,0.321,0.364,0.378,0.396,0.424,0.434,0.455,0.458,0.499,0.493,0.479,0.51,0.496,0.506,0.521,0.501,0.499,0.498,0.502
Lao,,,,,,,,,,,,,,,,,,,,,,,,,,,,,,0.444,0.402,0.425,0.429,0.411,0.391,0.409,0.407,0.557,0.436,0.405,0.422,0.418,0.421,0.419,0.441,0.434,0.381,0.417,0.441,0.457,0.436,0.418,0.402,0.425,0.442,0.442,0.425,0.415,0.416,0.427
Latvia,,,,,,,,,,,,,,,,,,,,,,,,,,,,,,,,,,,,0.543,0.557,0.559,0.586,0.608,0.614,0.628,0.63,0.644,0.641,0.649,0.645,0.64,0.653,0.658,0.644,0.645,0.644,0.646,0.652,0.649,0.654,0.646,0.639,0.641
Lebanon,,,,,,,,,,,,,,,,,,,,,,,,,,,,,,,,,,,0.619,0.604,0.612,0.606,0.583,0.591,0.615,0.614,0.602,0.596,0.691,0.711,0.728,0.708,0.724,0.692,0.719,0.735,0.73,0.721,0.738,0.737,0.74,0.752,0.767,0.759
Lesotho,0.0655,0.0549,0.0479,0.0731,0.0707,0.109,0.335,0.37,0.382,0.387,0.369,0.538,0.377,0.263,0.344,0.383,0.389,0.332,0.284,0.289,0.445,0.441,0.644,0.648,0.647,0.647,0.61,0.607,0.586,0.582,0.559,0.559,0.531,0.535,0.54,0.532,0.546,0.564,0.551,0.533,0.513,0.483,0.491,0.492,0.487,0.489,0.475,0.557,0.542,0.596,0.546,0.524,0.533,0.551,0.53,0.504,0.52,0.534,0.513,0.514
Liberia,,,,,,,,,,,,,,,,,,,,,,,,,,,,,,,,,,,,,,,,,0.197,0.194,0.179,0.238,0.272,0.267,0.303,0.285,0.277,0.37,0.502,0.474,0.448,0.47,0.485,0.531,0.503,0.482,0.502,0.489
Liechtenstein,,,,,,,,,,,,,,,,,,,,,,,,,,,,,,,,,,,,,,,,,,,,,,,,,,,,,,,,,0.547,0.51,,
Lithuania,,,,,,,,,,,,,,,,,,,,,,,,,,,,,,,,,,,,0.513,0.519,0.513,0.527,0.552,0.57,0.571,0.579,0.574,0.567,0.566,0.564,0.567,0.573,0.626,0.607,0.585,0.585,0.598,0.596,0.6,0.61,0.604,0.614,0.616
Luxembourg,,,,,,,,,,,,,,,,,,,,,,,,,,,,,,,,,,,,0.704,0.723,0.712,0.702,0.72,0.721,0.728,0.731,0.729,0.727,0.738,0.758,0.742,0.76,0.778,0.783,0.783,0.783,0.781,0.783,0.791,0.788,0.793,0.786,0.792
Madagascar,,,,,,,0.551,0.549,0.549,0.544,0.53,0.524,0.517,0.493,0.445,0.447,0.451,0.449,0.447,0.47,,,,,,,,,,,,,,,,0.436,0.476,0.476,0.476,0.463,0.484,0.509,0.502,0.499,0.502,0.514,0.525,0.545,0.544,0.527,0.533,0.537,0.547,0.546,0.543,0.551,0.549,0.555,0.522,0.524
Malawi,0.383,0.379,0.383,0.385,0.362,0.353,0.37,0.36,0.368,0.368,0.359,0.371,0.344,0.39,0.392,0.396,0.4,0.372,0.38,0.165,0.303,0.347,0.344,0.327,0.339,0.313,0.318,0.229,0.226,0.207,0.223,0.266,0.267,0.247,0.474,0.441,0.416,0.459,0.417,0.399,0.384,0.405,0.393,0.389,0.394,0.409,0.425,0.445,0.467,0.47,0.479,0.479,0.492,0.497,0.498,0.502,0.519,0.524,0.526,0.544
Malaysia,,,,,,,,,,,,,,,,,,,,,,,,,,,,0.427,0.421,0.441,0.442,0.448,0.457,0.48,0.479,0.479,0.479,0.482,0.49,0.479,0.463,0.492,0.487,0.467,0.445,0.442,0.439,0.445,0.439,0.488,0.485,0.478,0.49,0.499,0.501,0.52,0.525,0.519,0.53,0.542
Maldives,,,,,,,,,,,,,,,,,,,,,,,,,,,,,,,,,,,,,,,,,,,,0.731,0.73,0.696,0.729,0.741,0.722,0.779,0.777,0.751,0.755,0.756,0.754,0.723,0.699,0.697,0.679,
Mali,,,,,,,,0.188,0.209,0.213,0.195,0.193,0.232,0.265,0.315,0.232,0.251,0.25,0.277,0.257,0.438,0.43,0.454,0.468,0.453,0.433,0.433,0.415,0.408,0.406,0.411,0.391,0.417,0.394,0.407,0.385,0.378,0.366,0.375,0.373,0.373,0.359,0.353,0.373,0.365,0.348,0.346,0.36,0.367,0.342,0.355,0.367,0.342,0.383,0.373,0.373,0.357,0.349,0.337,0.331
Malta,,,,,,,,,,,0.356,0.397,0.338,0.318,0.294,0.274,0.257,0.267,0.28,0.295,0.305,0.323,0.337,0.361,0.348,0.35,0.334,0.353,0.357,0.354,0.37,0.375,0.411,0.429,0.42,0.605,0.621,0.618,0.625,0.626,0.643,0.669,0.651,0.626,0.638,0.644,0.655,0.669,0.673,0.681,0.687,0.689,0.71,0.718,0.731,0.751,0.752,0.756,0.751,0.758
Marshall Islands,,,,,,,,,,,,,,,,,,,,,,,,,,,,,,,,,,,,,,0.688,0.682,0.664,0.726,0.716,0.714,0.739,0.761,0.757,0.748,0.742,0.744,0.752,0.713,0.683,0.666,0.685,0.705,0.736,0.697,0.706,0.711,
Mauritania,,0.321,0.364,0.394,0.381,0.334,0.315,0.321,0.302,0.305,0.327,0.326,0.367,0.339,0.329,0.367,0.377,0.414,0.441,0.433,0.449,0.432,0.449,0.463,0.46,0.43,0.417,0.42,0.412,0.394,0.419,0.411,0.419,0.401,0.408,0.399,0.406,0.417,0.36,0.366,0.404,0.413,0.421,0.434,0.428,0.407,0.341,0.383,0.392,0.427,0.399,0.362,0.389,0.379,0.444,0.465,0.439,0.441,0.453,0.457
Mauritius,,,,,,,,,,,,,,,,,0.465,0.482,0.492,0.474,0.525,0.523,0.514,0.513,0.496,0.463,0.444,0.461,0.474,0.487,0.461,0.47,0.475,0.484,0.504,0.51,0.516,0.526,0.526,0.558,0.56,0.562,0.571,0.574,0.575,0.595,0.618,0.619,0.616,0.622,0.629,0.632,0.636,0.644,0.657,0.663,0.67,0.674,0.674,0.673
Mexico,,,,,,0.569,0.577,0.569,0.57,0.571,0.525,0.535,0.543,0.538,0.53,0.526,0.537,0.527,0.53,0.529,0.599,0.607,0.613,0.591,0.588,0.58,0.585,0.559,0.57,0.587,0.597,0.604,0.618,0.58,0.585,0.587,0.572,0.569,0.569,0.57,0.578,0.584,0.588,0.604,0.594,0.6,0.59,0.592,0.595,0.607,0.604,0.599,0.6,0.611,0.602,0.61,0.609,0.603,0.601,0.605
Micronesia, Fed. Sts.,,,,,,,,,,,,,,,,,,,,,,,,,,,,,,,,,,,,0.654,0.66,0.661,0.622,0.636,0.628,0.642,0.656,0.642,0.653,0.649,0.665,0.653,0.643,0.614,0.607,0.589,0.572,0.598,0.64,0.619,0.61,0.607,0.668,
Moldova,,,,,,,,,,,,,,,,,,,,,,,,,,,,,,,,,,,,0.331,0.375,0.383,0.433,0.495,0.453,0.459,0.479,0.485,0.499,0.504,0.526,0.56,0.564,0.6,0.545,0.536,0.545,0.528,0.523,0.53,0.54,0.532,0.536,0.542
Monaco,,,,,,,,,,,,,,,,,,,,,,,,,,,,,,,,,,,,,,,,,,,,,,,,,,,0.871,0.872,0.871,0.86,0.874,0.824,0.818,0.872,0.869,
Mongolia,,,,,,,,,,,,,,,,,,,,,,,,,,,,,,,0.433,0.44,0.337,0.366,0.349,0.293,0.318,0.321,0.374,0.372,0.392,0.423,0.466,0.452,0.402,0.375,0.336,0.339,0.397,0.431,0.448,0.458,0.469,0.447,0.458,0.475,0.461,0.423,0.393,0.39
Montenegro,,,,,,,,,,,,,,,,,,,,,,,,,,,,,,,,,,,,,,,,,0.582,0.574,0.571,0.562,0.569,0.576,0.558,0.553,0.552,0.574,0.586,0.606,0.615,0.586,0.586,0.603,0.596,0.601,0.592,
Morocco,,,,,,,,,,,,,,,,,,,,,0.467,0.487,0.474,0.469,0.475,0.467,0.458,0.479,0.45,0.454,0.45,0.442,0.463,0.471,0.455,0.48,0.45,0.466,0.473,0.492,0.506,0.507,0.509,0.502,0.506,0.523,0.514,0.535,0.512,0.515,0.51,0.524,0.535,0.516,0.516,0.497,0.504,0.5,0.5,0.5
Mozambique,,,,,,,,,,,,,,,,,,,,,,,,,,,,,,,,0.465,0.489,0.497,0.514,0.515,0.421,0.428,0.433,0.44,0.468,0.488,0.504,0.476,0.469,0.48,0.463,0.476,0.469,0.465,0.47,0.474,0.48,0.487,0.48,0.474,0.453,0.409,0.408,0.432
Myanmar,,,,,,,,,,,,,,,,,,,,,,,,,,,,,,,,,,,,,,,,,,,,,,,,,0.371,0.374,0.367,0.362,0.37,0.381,0.377,0.394,0.396,0.403,0.407,
Namibia,,,,,,,,,,,,,,,,,,,,,0.383,0.468,0.504,0.527,0.544,0.494,0.501,0.541,0.504,0.499,0.537,0.562,0.588,0.611,0.567,0.591,0.606,0.609,0.597,0.601,0.574,0.567,0.546,0.595,0.581,0.567,0.528,0.53,0.515,0.558,0.572,0.576,0.559,0.579,0.581,0.583,0.581,0.593,0.585,0.593
Nauru,,,,,,,,,,,,,,,,,,,,,,,,,,,,,,,,,,,,,,,,,,,,,,,,,,,,,,0.58,0.709,0.94,,,,
Nepal,0.986,0.986,0.986,0.986,0.986,0.232,0.197,0.225,0.21,0.212,0.21,0.222,0.208,0.23,0.199,0.193,0.208,0.234,0.234,0.222,0.247,0.249,0.245,0.252,0.248,0.314,0.309,0.316,0.309,0.313,0.304,0.336,0.33,0.351,0.331,0.332,0.334,0.334,0.352,0.346,0.347,0.445,0.436,0.441,0.452,0.458,0.479,0.488,0.492,0.486,0.464,0.453,0.469,0.476,0.487,0.495,0.5,0.51,0.51,0.506
Netherlands,,,,,,,,,,0.526,0.536,0.539,0.545,0.553,0.547,0.571,0.567,0.581,0.594,0.596,0.593,0.586,0.596,0.604,0.591,0.591,0.611,0.626,0.624,0.622,0.621,0.627,0.637,0.644,0.644,0.636,0.638,0.645,0.652,0.656,0.657,0.652,0.663,0.666,0.667,0.663,0.659,0.663,0.662,0.68,0.684,0.685,0.687,0.691,0.699,0.701,0.702,0.701,0.699,0.698
New Zealand,,,,,,,,,,,,0.518,0.512,0.527,0.54,0.545,0.526,0.538,0.548,0.528,0.543,0.541,0.546,0.552,0.542,0.577,0.588,0.583,0.598,0.586,0.603,0.601,0.603,0.597,0.596,0.604,0.61,0.618,0.633,0.627,0.618,0.621,0.632,0.639,0.639,0.643,0.644,0.634,0.644,0.655,0.644,0.643,0.65,0.643,0.654,0.658,0.656,0.652,,
Nicaragua,,,,,,,,,,,,,,,,,,,,,,,,,,,,,,,,,,,0.503,0.487,0.472,0.485,0.488,0.502,0.497,0.503,0.504,0.521,0.505,0.499,0.538,0.533,0.529,0.542,0.517,0.485,0.48,0.484,0.485,0.486,0.495,0.503,0.503,0.497
Niger,0.208,0.227,0.205,0.234,0.221,0.288,0.294,0.249,0.26,0.283,0.282,0.271,0.294,0.304,0.285,0.387,0.401,0.342,0.324,0.326,0.34,0.352,0.384,0.382,0.426,0.423,0.434,0.461,0.473,0.484,0.429,0.429,0.431,0.441,0.457,0.473,0.453,0.474,0.428,0.441,0.42,0.389,0.376,0.375,0.397,0.392,0.387,0.386,0.356,0.383,0.364,0.38,0.36,0.37,0.38,0.393,0.389,0.386,0.378,0.381
Nigeria,,,,,,,,,,,,,,,,,,,,,,0.475,0.507,0.499,0.504,0.473,0.482,0.456,0.43,0.423,0.42,0.412,0.41,0.424,0.425,0.37,0.354,0.363,0.424,0.436,0.438,0.462,0.39,0.391,0.434,0.447,0.485,0.5,0.49,0.51,0.508,0.492,0.502,0.524,0.542,0.581,0.598,0.558,0.52,0.497
North Macedonia,,,,,,,,,,,,,,,,,,,,,,,,,,,,,,,0.395,0.404,0.372,0.451,0.449,0.456,0.461,0.43,0.434,0.445,0.528,0.544,0.529,0.524,0.542,0.558,0.563,0.567,0.551,0.571,0.551,0.551,0.563,0.548,0.538,0.537,0.535,0.545,0.544,0.546
Norway,,,,,,,,,,,0.553,0.551,0.557,0.56,0.561,0.551,0.552,0.552,0.547,0.529,0.516,0.512,0.514,0.508,0.494,0.494,0.539,0.55,0.57,0.565,0.564,0.574,0.577,0.577,0.567,0.553,0.536,0.532,0.566,0.552,0.499,0.515,0.535,0.539,0.524,0.499,0.482,0.503,0.486,0.536,0.527,0.511,0.516,0.526,0.539,0.564,0.584,0.568,0.55,0.577
Oman,,0.877,0.741,0.724,0.724,0.73,0.711,0.451,0.248,0.215,0.215,0.232,0.276,0.278,0.167,0.221,0.293,0.326,0.369,0.344,0.294,,,,,,,,,,,,,,,,,,0.522,0.468,0.4,0.424,0.436,0.437,0.43,0.371,0.366,0.39,0.329,0.411,0.282,0.241,0.258,0.264,0.389,0.476,0.51,0.491,0.47,0.526
Pakistan,0.365,0.362,0.366,0.36,0.355,0.374,0.4,0.388,0.382,0.38,0.371,0.375,0.383,0.384,0.399,0.423,0.415,0.407,0.413,0.42,0.409,0.415,0.416,0.43,0.44,0.441,0.444,0.448,0.441,0.436,0.434,0.432,0.43,0.447,0.447,0.449,0.458,0.457,0.453,0.458,0.503,0.514,0.528,0.524,0.507,0.514,0.526,0.528,0.531,0.531,0.528,0.509,0.516,0.52,0.517,0.522,0.528,0.532,0.528,0.539
Palau,,,,,,,,,,,,,,,,,,,,,,,,,,,,,,,,,,,,,,,,,0.734,0.703,0.677,0.71,0.722,0.731,0.755,0.767,0.781,0.792,0.777,0.781,0.774,0.78,0.781,0.781,0.77,0.78,0.79,
Palestine,,,,,,,,,,,,,,,,,,,,,,,,,,,,,,,,,,,0.535,0.522,0.515,0.548,0.544,0.533,0.583,0.6,0.664,0.628,0.615,0.614,0.641,0.649,0.624,0.611,0.609,0.627,0.636,0.634,0.641,0.64,0.634,,,
Panama,,,,,,,,,,,0.598,0.601,0.62,0.611,0.622,0.612,0.625,0.637,0.639,0.643,0.646,0.654,0.66,0.671,0.669,0.643,0.643,0.65,0.683,0.682,0.692,0.677,0.684,0.666,0.673,0.669,0.669,0.687,0.687,0.676,0.69,0.71,0.718,0.704,0.708,0.712,0.721,0.734,0.718,0.73,0.729,0.726,0.713,0.681,0.666,0.658,0.65,0.646,0.647,0.65
Papua New Guinea,,,,,,,,,,,,,,,,,,,,,,,,,,,,,,,,,,,,,,,,,,,,,,,0.412,0.425,0.423,0.453,0.441,0.47,0.496,0.505,0.445,0.433,0.434,0.415,,
Paraguay,,,0.389,0.38,0.388,0.395,0.396,0.404,0.41,0.408,0.407,0.398,0.396,0.374,0.385,0.384,0.396,0.391,0.393,0.393,0.399,0.411,0.421,0.432,0.427,0.432,0.446,0.44,0.42,0.414,0.421,0.414,0.44,0.441,0.421,0.415,0.426,0.446,0.447,0.445,0.449,0.436,0.414,0.408,0.41,0.418,0.436,0.438,0.434,0.466,0.453,0.448,0.481,0.468,0.471,0.486,0.475,0.479,0.491,0.504
Peru,0.443,0.441,0.452,0.475,0.467,0.471,0.466,0.455,0.454,0.445,0.445,0.452,0.457,0.451,0.454,0.47,0.461,0.887,0.432,0.381,,,,,,,,,,,,0.584,0.568,0.548,0.527,0.529,0.531,0.53,0.535,0.54,0.54,0.545,0.545,0.54,0.514,0.498,0.474,0.473,0.484,0.507,0.489,0.478,0.491,0.505,0.524,0.54,0.543,0.539,0.537,
Philippines,0.418,0.416,0.421,0.41,0.421,0.417,0.419,0.411,0.402,0.399,0.386,0.373,0.37,0.353,0.345,0.347,0.346,0.344,0.349,0.351,0.361,0.359,0.378,0.384,0.373,0.404,0.415,0.416,0.419,0.424,0.436,0.45,0.453,0.457,0.455,0.463,0.473,0.49,0.508,0.517,0.511,0.518,0.518,0.523,0.524,0.527,0.532,0.534,0.527,0.539,0.539,0.546,0.555,0.568,0.567,0.585,0.595,0.597,0.598,0.61
Poland,,,,,,,,,,,,,,,,,,,,,,,,,,,,,,,,,,,,0.491,0.506,0.522,0.536,0.544,0.568,0.582,0.588,0.58,0.562,0.561,0.559,0.553,0.557,0.566,0.562,0.552,0.562,0.573,0.566,0.563,0.564,0.566,0.567,0.569
Portugal,,,,,,,,,,,,,,,,,,,,,,,,,,,,,,,,,,,,0.585,0.578,0.584,0.586,0.59,0.601,0.606,0.613,0.622,0.626,0.63,0.629,0.636,0.648,0.669,0.661,0.663,0.664,0.669,0.663,0.655,0.655,0.654,0.653,0.655
Qatar,,,,,,,,,,,,,,,,,,,,,,,,,,,,,,,,,,,,,,,,,,,,,,,,,,,,0.267,0.264,0.303,0.329,0.461,0.508,0.471,0.427,0.465
Romania,,,,,,,,,,,,,,,,,,,,,,,,,,,,,,,0.242,0.326,0.359,0.327,0.297,0.403,0.398,0.4,0.436,0.466,0.492,0.452,0.457,0.453,0.452,0.479,0.483,0.493,0.466,0.484,0.464,0.431,0.507,0.507,0.522,0.538,0.556,0.573,0.578,0.582
Russia,,,,,,,,,,,,,,,,,,,,,,,,,,,,,,0.306,0.326,0.367,0.487,0.428,0.448,0.522,0.494,0.506,0.518,0.499,0.497,0.515,0.538,0.538,0.507,0.488,0.497,0.507,0.507,0.538,0.531,0.538,0.545,0.561,0.557,0.561,0.57,0.56,0.535,0.54
Rwanda,,,,,,0.184,0.184,0.244,0.252,0.248,0.298,0.301,0.31,0.302,0.317,0.318,0.319,0.323,0.355,0.322,0.326,0.385,0.385,0.377,0.359,0.355,0.394,0.445,0.436,0.423,0.428,0.469,0.481,0.479,0.291,0.4,0.347,0.354,0.358,0.498,0.53,0.511,0.522,0.507,0.484,0.485,0.452,0.482,0.493,0.495,0.499,0.479,0.488,0.498,0.492,0.497,0.492,0.479,0.498,0.493
Samoa,,,,,,,,,,,,,,,,,,,,,,,,,,,,,,,,,,,,,,,,,,,,,,,,,,,0.718,0.726,0.715,0.721,0.72,0.738,0.731,0.726,0.751,0.748
Sao Tome and Principe,,,,,,,,,,,,,,,,,,,,,,,,,,,,,,,,,,,,,,,,,,0.698,0.703,0.715,0.732,0.757,0.734,0.722,0.684,0.67,0.671,0.687,0.7,0.698,0.694,0.704,0.71,0.709,0.718,
Saudi Arabia,,,,,,,,,,,0.365,0.304,0.289,0.273,0.159,0.273,0.287,0.319,0.386,0.344,0.279,0.287,0.391,0.49,0.517,0.555,0.585,0.556,0.551,0.517,0.455,0.462,0.428,0.461,0.464,0.455,0.427,0.441,0.502,0.471,0.414,0.443,0.442,0.418,0.397,0.352,0.346,0.346,0.311,0.425,0.392,0.343,0.352,0.38,0.405,0.519,0.54,0.516,0.484,0.504
Senegal,,,,,,,,,,,,,,,,,,,,,0.533,0.523,0.505,0.529,0.517,0.5,0.49,0.481,0.503,0.515,0.52,0.514,0.511,0.507,0.519,0.498,0.499,0.506,0.509,0.506,0.508,0.503,0.518,0.513,0.521,0.518,0.529,0.537,0.54,0.528,0.528,0.541,0.537,0.529,0.536,0.514,0.52,0.522,0.52,0.514
Serbia,,,,,,,,,,,,,,,,,,,,,,,,,,,,,,,,,,,,0.422,0.432,0.441,0.433,0.421,0.403,0.414,0.431,0.468,0.455,0.472,0.476,0.486,0.486,0.516,0.517,0.503,0.51,0.504,0.517,0.509,0.504,0.509,0.51,0.512
Seychelles,,,,,,,,,,,,,,,,,0.672,0.694,0.697,0.694,0.695,0.595,0.601,0.59,0.606,0.634,0.607,0.629,0.582,0.598,0.552,0.551,0.538,0.509,0.601,0.607,0.601,0.608,0.606,0.602,0.505,0.517,0.489,0.464,0.625,0.632,0.659,0.68,0.676,0.703,0.685,0.639,0.675,0.697,0.691,0.706,0.71,0.684,0.692,0.721
Sierra Leone,,,,,0.336,0.362,0.359,0.403,0.418,0.374,0.364,0.393,0.409,0.381,0.375,0.386,0.417,0.419,0.4,0.41,0.414,0.436,0.442,0.452,0.445,0.39,0.42,0.34,0.395,0.397,0.318,0.241,0.199,0.222,0.192,0.171,0.137,0.134,0.13,0.124,0.125,0.415,0.402,0.388,0.36,0.362,0.356,0.347,0.351,0.346,0.353,0.353,0.326,0.285,0.298,0.339,0.333,0.324,0.323,0.328
Singapore,0.745,0.746,0.739,0.734,0.705,0.692,0.689,0.69,0.681,0.673,0.65,0.641,0.622,0.626,0.631,0.631,0.624,0.625,0.632,0.615,0.599,0.605,0.618,0.607,0.6,0.631,0.626,0.629,0.615,0.623,0.642,0.628,0.625,0.62,0.618,0.616,0.621,0.626,0.627,0.631,0.607,0.636,0.64,0.643,0.631,0.641,0.649,0.66,0.683,0.68,0.678,0.69,0.692,0.708,0.703,0.7,0.706,0.705,0.694,0.704
Slovak Republic,,,,,,,,,,,,,,,,,,,,,,,,,,,,,,,,,,,,0.566,0.567,0.588,0.579,0.584,0.572,0.575,0.582,0.565,0.549,0.548,0.534,0.537,0.545,0.59,0.582,0.568,0.574,0.59,0.563,0.569,0.581,0.583,0.58,0.581
Slovenia,,,,,,,,,,,,,,,,,,,,,,,,,,,,,,,,,,,,0.522,0.523,0.525,0.52,0.523,0.538,0.544,0.544,0.55,0.55,0.556,0.556,0.549,0.559,0.583,0.588,0.581,0.575,0.57,0.563,0.563,0.566,0.566,0.565,0.569
South Africa,0.484,0.482,0.486,0.486,0.488,0.485,0.487,0.494,0.508,0.503,0.512,0.522,0.513,0.501,0.483,0.485,0.489,0.492,0.477,0.455,0.431,0.451,0.465,0.475,0.483,0.475,0.474,0.489,0.483,0.49,0.505,0.524,0.553,0.554,0.553,0.561,0.571,0.578,0.582,0.593,0.591,0.585,0.583,0.601,0.601,0.601,0.607,0.602,0.591,0.605,0.61,0.609,0.613,0.612,0.61,0.614,0.608,0.61,0.61,0.612
South Korea,0.391,0.375,0.383,0.333,0.298,0.338,0.361,0.392,0.392,0.393,0.399,0.411,0.413,0.404,0.409,0.396,0.392,0.393,0.39,0.392,0.428,0.43,0.436,0.43,0.431,0.442,0.448,0.45,0.448,0.463,0.465,0.471,0.485,0.491,0.492,0.493,0.503,0.508,0.522,0.517,0.516,0.531,0.536,0.539,0.531,0.539,0.547,0.551,0.562,0.56,0.547,0.546,0.551,0.552,0.556,0.556,0.554,0.548,0.554,0.568
South Sudan,,,,,,,,,,,,,,,,,,,,,,,,,,,,,,,,,,,,,,,,,,,,,,,,,0.366,0.355,0.336,0.341,0.427,0.681,0.457,0.566,,,,
Spain,,,,,,,,,,,,,,,,,,,,,,,,,,,,,,,,,,,,0.604,0.599,0.596,0.593,0.592,0.592,0.595,0.599,0.599,0.601,0.598,0.6,0.613,0.635,0.665,0.663,0.677,0.685,0.685,0.684,0.68,0.679,0.677,0.677,0.679
Sri Lanka,0.472,0.465,0.478,0.47,0.486,0.499,0.51,0.499,0.469,0.474,0.471,0.474,0.487,0.466,0.411,0.427,0.433,0.401,0.417,0.442,0.423,0.438,0.469,0.45,0.446,0.454,0.456,0.449,0.463,0.469,0.47,0.47,0.48,0.493,0.496,0.502,0.509,0.511,0.512,0.519,0.528,0.531,0.577,0.583,0.588,0.58,0.58,0.584,0.572,0.576,0.546,0.551,0.556,0.564,0.569,0.574,0.564,0.561,0.571,0.582
St. Kitts and Nevis,,,,,,,,,,,,,,,,,,0.605,0.629,0.631,0.596,0.646,0.656,0.667,0.675,0.699,0.661,0.647,0.62,0.629,0.624,0.675,0.673,0.677,0.705,0.674,0.675,0.679,0.673,0.66,0.673,0.635,0.639,0.665,0.684,0.686,0.669,0.682,0.674,0.68,0.674,0.663,0.696,0.697,0.672,0.659,0.649,0.654,0.672,0.678
St. Lucia,,,,,,,,,,,,,,,,,,,,,,,,,,,,,,,,,,,,,,,,,,,,,,,0.697,0.718,0.698,0.709,0.739,0.752,0.757,0.749,0.749,0.739,0.739,0.748,0.752,0.752
St. Vincent and the Grenadines,,,,,,,,,,,,,,,,,,0.634,0.602,0.599,0.628,0.606,0.6,0.615,0.593,0.576,0.564,0.572,0.54,0.561,0.568,0.588,0.577,0.601,0.625,0.605,0.616,0.622,0.616,0.627,0.632,0.645,0.653,0.654,0.655,0.661,0.649,0.632,0.631,0.627,0.632,0.642,0.649,0.647,0.644,0.637,0.629,0.623,0.618,0.626
Sudan,,,,,,,,,,,,,,,,,,,,,,,0.448,0.471,0.496,0.469,0.452,0.49,0.424,0.443,0.425,0.439,0.455,0.444,0.521,0.49,0.399,0.372,0.368,0.369,0.357,0.369,0.361,0.377,0.369,0.396,0.4,0.403,0.387,0.462,0.411,0.418,0.408,0.399,0.454,0.427,0.547,0.512,0.433,0.323
Suriname,0.392,0.407,0.415,0.408,0.416,0.407,0.364,0.358,0.366,0.365,0.403,0.387,0.414,0.394,0.332,0.405,0.43,0.422,0.445,0.444,0.484,0.499,0.544,0.569,0.561,0.596,0.629,0.66,0.639,0.652,0.508,0.542,0.526,0.496,0.365,0.332,0.365,0.428,0.467,0.466,0.46,0.425,0.438,0.43,0.414,0.414,0.454,0.447,0.442,0.477,0.482,0.47,0.477,0.508,0.526,0.56,0.542,0.485,0.5,0.502
Sweden,,,,,,,,,,,,,,,,,,,,,0.567,0.574,0.575,0.572,0.557,0.551,0.555,0.555,0.558,0.561,0.571,0.577,0.596,0.598,0.59,0.581,0.596,0.597,0.597,0.603,0.606,0.609,0.612,0.616,0.62,0.624,0.621,0.617,0.625,0.644,0.628,0.633,0.642,0.652,0.657,0.653,0.655,0.651,0.652,0.652
Switzerland,,,,,,,,,,,,,,,,,,,,,,,,,,,,,,,0.638,0.649,0.662,0.668,0.659,0.662,0.675,0.682,0.688,0.684,0.689,0.685,0.686,0.692,0.692,0.693,0.691,0.692,0.689,0.701,0.7,0.697,0.703,0.704,0.708,0.71,0.713,0.71,0.714,0.709
Tajikistan,,,,,,,,,,,,,,,,,,,,,,,,,,0.251,0.268,0.265,0.291,0.317,0.291,0.26,0.286,0.272,0.287,0.212,0.272,0.325,0.423,0.399,0.315,0.312,0.331,0.323,0.393,0.406,0.409,0.429,0.439,0.47,0.451,0.424,0.435,0.441,0.411,0.425,0.422,0.414,0.421,
Tanzania,,,,,,,,,,,,,,,,,,,,,,,,,,,,,,,0.333,0.319,0.333,0.338,0.369,0.355,0.346,0.354,0.476,0.487,0.491,0.491,0.476,0.46,0.451,0.451,0.456,0.455,0.437,0.446,0.433,0.414,0.406,0.403,0.413,0.404,0.394,0.379,,
Thailand,,,,,,,,,,,,,,,,,,,,,,,,,,,,,,,,,,0.551,0.544,0.536,0.539,0.544,0.536,0.547,0.548,0.551,0.544,0.526,0.528,0.523,0.515,0.512,0.504,0.516,0.496,0.504,0.512,0.518,0.531,0.549,0.559,0.565,0.571,0.586
Timor-Leste,,,,,,,,,,,,,,,,,,,,,,,,,,,,,,,,,,,,,,,,,0.51,0.594,0.583,0.593,0.601,0.631,0.631,0.629,0.624,0.675,0.689,0.662,0.701,0.615,0.634,0.634,0.656,0.683,0.675,
Togo,0.296,0.294,0.324,0.299,0.319,0.344,0.341,0.325,0.336,0.358,0.452,0.458,0.489,0.478,0.423,0.469,0.472,0.451,0.531,0.494,0.477,0.493,0.497,0.441,0.463,0.447,0.454,0.465,0.449,0.435,0.437,0.42,0.41,0.352,0.438,0.401,0.381,0.377,0.482,0.469,0.535,0.506,0.509,0.57,0.542,0.475,0.491,0.555,0.437,0.54,0.563,0.53,0.298,0.309,0.281,0.274,0.269,0.278,0.288,0.286
Trinidad and Tobago,,,,,,,0.553,0.535,0.515,0.539,0.548,0.549,0.537,0.507,0.396,0.401,0.405,0.423,0.453,0.442,0.426,0.462,0.548,0.555,0.545,0.559,0.601,0.573,0.572,0.542,0.483,0.51,0.551,0.545,0.5,0.511,0.513,0.544,0.575,0.568,0.515,0.534,0.553,0.477,0.447,0.397,0.38,0.395,0.352,0.465,0.455,0.43,0.468,0.491,0.502,0.571,0.593,0.581,0.551,
Tunisia,,,,,,0.476,0.493,0.502,0.5,0.488,0.488,0.471,0.457,0.453,0.417,0.438,0.44,0.437,0.441,0.434,0.413,0.418,0.438,0.404,0.395,0.388,0.437,0.417,0.449,0.447,0.431,0.418,0.421,0.439,0.452,0.464,0.452,0.514,0.522,0.518,0.516,0.523,0.541,0.549,0.546,0.55,0.553,0.546,0.536,0.551,0.567,0.564,0.566,0.587,0.582,0.574,0.584,0.593,0.592,
Turkey,0.258,0.289,0.281,0.278,0.294,0.317,0.303,0.321,0.34,0.344,0.363,0.37,0.389,0.393,0.385,0.39,0.404,0.422,0.427,0.441,0.49,0.477,0.484,0.504,0.509,0.511,0.466,0.472,0.466,0.474,0.481,0.497,0.501,0.507,0.489,0.486,0.494,0.514,0.485,0.523,0.526,0.547,0.534,0.529,0.528,0.528,0.532,0.546,0.553,0.57,0.543,0.528,0.537,0.532,0.537,0.533,0.538,0.533,0.543,0.559
Turkmenistan,,,,,,,,,,,,,,,,,,,,,,,,,,,,0.32,0.37,0.357,0.367,0.373,0.794,0.155,0.186,0.191,0.169,0.285,0.304,0.264,0.289,0.298,0.339,0.362,0.382,0.429,0.456,0.423,0.272,0.27,0.281,,,,,,,,,
Uganda,0.337,0.337,0.348,0.328,0.315,0.321,0.329,0.328,0.326,0.314,0.309,0.295,0.305,0.283,0.257,0.192,0.188,0.188,0.204,0.301,0.234,0.348,0.326,0.304,0.312,0.343,0.311,0.32,0.317,0.311,0.305,0.325,0.336,0.331,0.335,0.333,0.352,0.367,0.362,0.378,0.447,0.448,0.477,0.465,0.52,0.453,0.471,0.469,0.469,0.368,0.38,0.404,0.413,0.433,0.436,0.43,0.444,0.435,0.434,0.433
Ukraine,,,,,,,,,,,,,,,,,,,,,,,,,,,,0.299,0.3,0.279,0.285,0.289,0.294,0.404,0.325,0.375,0.424,0.438,0.421,0.393,0.395,0.428,0.451,0.476,0.472,0.502,0.48,0.49,0.507,0.54,0.551,0.53,0.54,0.562,0.542,0.512,0.499,0.509,0.513,0.544
United Arab Emirates,,,,,,,,,,,,,,,,0.255,0.276,0.315,0.313,0.281,0.268,0.311,0.362,0.379,0.363,0.378,0.467,0.442,0.458,0.437,0.4,0.519,0.433,0.47,0.519,0.527,0.518,0.526,0.578,0.556,0.492,0.481,0.503,0.49,0.467,0.43,0.41,0.442,0.412,0.469,0.467,0.413,0.419,0.444,0.466,0.554,0.578,0.567,0.522,0.531
United Kingdom,,,,,,,,,,,,,,,,,,,,,,,,,,,,,,,0.677,0.679,0.689,0.698,0.698,0.645,0.647,0.653,0.657,0.657,0.657,0.67,0.674,0.681,0.688,0.693,0.693,0.698,0.698,0.716,0.706,0.7,0.701,0.698,0.701,0.704,0.709,0.709,0.71,0.713
United States,,,,,,,,,,,,,,,,,,,,,,,,,,,,,,,,,,,,,,0.718,0.724,0.727,0.728,0.74,0.749,0.746,0.742,0.74,0.737,0.739,0.745,0.764,0.762,0.759,0.761,0.758,0.758,0.768,0.776,0.774,,
Uruguay,,,,,,,,,,,,,,,,,,,,,,,,0.586,0.596,0.588,0.568,0.531,0.573,0.609,0.615,0.603,0.614,0.685,0.671,0.655,0.663,0.619,0.622,0.641,0.653,0.659,0.639,0.59,0.563,0.567,0.568,0.569,0.576,0.584,0.582,0.583,0.593,0.591,0.591,0.593,0.597,0.61,0.608,0.609
Uzbekistan,,,,,,,,,,,,,,,,,,,,,,,,,,,,0.315,0.335,0.363,0.346,0.265,0.296,0.318,0.332,0.347,0.371,0.365,0.364,0.365,0.372,0.382,0.379,0.374,0.372,0.37,0.38,0.398,0.414,0.414,0.359,0.353,0.357,0.369,0.361,0.359,0.358,0.337,0.318,0.322
Venezuela,,,,,,,,,0.569,0.605,0.577,0.583,0.606,0.571,0.45,0.535,0.554,0.573,0.602,0.549,0.539,0.562,0.585,0.611,0.374,0.381,0.424,0.388,0.398,0.343,0.324,0.361,0.38,0.405,0.469,0.485,0.422,0.403,0.458,0.458,0.431,0.46,0.433,0.415,0.373,0.351,0.363,0.394,0.388,0.459,0.39,0.386,0.449,0.456,0.517,,,,,
Vietnam,,,,,,,,,,,,,,,,,,,,,,,,,,,0.331,0.311,0.297,0.35,0.386,0.357,0.388,0.412,0.437,0.441,0.425,0.422,0.417,0.401,0.387,0.386,0.385,0.38,0.38,0.426,0.427,0.428,0.425,0.434,0.369,0.367,0.373,0.387,0.39,0.397,0.409,0.413,0.411,0.416
Yemen,,,,,,,,,,,,,,,,,,,,,,,,,,,,,,,0.267,0.311,0.327,0.364,0.368,0.362,0.315,0.311,0.371,0.334,0.311,0.341,0.34,0.34,0.338,0.318,0.316,0.315,0.284,0.332,0.274,0.29,0.29,0.272,0.273,0.268,0.253,0.209,0.143,
Zambia,,,,,,,,,,,,,,,,,,,,,,,,0.306,0.351,0.347,0.332,0.383,0.337,0.237,0.248,0.286,0.243,0.215,0.38,0.397,0.415,0.415,0.448,0.475,0.49,0.491,0.497,0.497,0.488,0.49,0.475,0.475,0.49,0.516,0.528,0.504,0.532,0.531,0.535,0.562,0.542,0.521,0.54,0.5
Zimbabwe,,,,,0.95,0.467,0.481,0.456,0.499,0.477,0.498,0.483,0.474,0.475,0.469,0.471,0.475,0.49,0.541,0.515,0.531,0.518,0.544,0.527,0.475,0.45,0.462,0.484,0.456,0.449,0.454,0.42,0.471,0.471,0.438,0.492,0.465,0.489,0.47,0.461,0.701,0.747,0.77,0.744,0.498,0.487,0.449,0.445,0.485,0.549,0.578,0.579,0.551,0.583,0.576,0.587,0.604,0.606,0.613,
